{
    "allowClient": false,
    "conditionSwitch": 1,
    "updateMode": false,
    "commands": [
        [
            18,
            "//------------------------------------------------------------------------------------------------------\n// 当对话指令结束后调用该事件\n//------------------------------------------------------------------------------------------------------",
            {
                "___cmdID": "86674918907_0.5100786561310988"
            }
        ],
        [
            40012,
            {
                "49821564836_0.18023666032094843": 0,
                "49821564836_0.05613902618903355": 1,
                "49821564836_0.6578043100778947": 1,
                "49821564836_0.7286666716958285": 3,
                "49821564836_0.40792780858788147": 1,
                "49821586470_0.8966191069628267": false,
                "49821586470_0.5086891336665356": false
            },
            "86533651588_0.34068974031993093"
        ],
        [
            -1,
            {
                "___cmdID": "86533650161_0.36350750434438317"
            }
        ]
    ],
    "id": 14013
}