{
    "allowClient": false,
    "conditionSwitch": 1,
    "updateMode": false,
    "commands": [
        [
            18,
            "//------------------------------------------------------------------------------------------------------\n// 当「读取档案」完成后自动执行该事件\n//------------------------------------------------------------------------------------------------------",
            {
                "___cmdID": "86674854918_0.2710434696174615"
            }
        ],
        [
            40012,
            {
                "49821564836_0.18023666032094843": 0,
                "49821564836_0.05613902618903355": 1,
                "49821564836_0.6578043100778947": 1,
                "49821564836_0.7286666716958285": 5,
                "49821564836_0.40792780858788147": 1,
                "49821586470_0.8966191069628267": false,
                "49821586470_0.5086891336665356": false
            },
            "86536511876_0.6236166909563894"
        ],
        [
            40012,
            {
                "49821564836_0.18023666032094843": 0,
                "49821564836_0.05613902618903355": 1,
                "49821564836_0.6578043100778947": 1,
                "49821564836_0.7286666716958285": 1,
                "49821564836_0.40792780858788147": 1,
                "49821586470_0.8966191069628267": false,
                "49821586470_0.5086891336665356": false
            },
            "86536511876_0.26715716487217467"
        ],
        [
            40012,
            {
                "49821564836_0.18023666032094843": 0,
                "49821564836_0.05613902618903355": 1,
                "49821564836_0.6578043100778947": 1,
                "49821564836_0.7286666716958285": 2,
                "49821564836_0.40792780858788147": 1,
                "49821586470_0.8966191069628267": false,
                "49821586470_0.5086891336665356": false
            },
            "86536511876_0.17852529462375544"
        ],
        [
            0,
            7,
            0,
            [
                0,
                1,
                1,
                0
            ],
            0,
            0,
            [
                0,
                1,
                1,
                0
            ],
            0,
            [
                1,
                1,
                [
                    0,
                    0,
                    1,
                    1
                ]
            ],
            0,
            0,
            [
                1,
                1
            ],
            "",
            "",
            false,
            null,
            [
                7,
                {
                    "worldData": {
                        "type": 0,
                        "moduleID": 1,
                        "dataID": 1,
                        "dataIsUseVar": false,
                        "dataVarID": 1,
                        "varID": "159222681340_0.918968211254191",
                        "varName": "fileReload",
                        "valueType": 0,
                        "value": {},
                        "isCustomModule": false,
                        "operationType": 0,
                        "compInfo": {
                            "uiID": 1,
                            "type": 0,
                            "compName": "",
                            "compID": 0,
                            "attrs": [],
                            "varName": ""
                        },
                        "selectMode": 0,
                        "inputModeInfo": {
                            "mode": 0,
                            "constName": "",
                            "varNameIndex": 1,
                            "typeIndex": 0
                        },
                        "isRounded": false,
                        "compAttrEnable": false
                    }
                },
                [
                    {
                        "103266252869_0.4092710689405552": {
                            "type": 0,
                            "moduleID": 1,
                            "dataID": 1,
                            "dataIsUseVar": false,
                            "dataVarID": 1,
                            "varID": "159222681340_0.918968211254191",
                            "varName": "fileReload",
                            "valueType": 0,
                            "value": {},
                            "isCustomModule": false,
                            "operationType": 0,
                            "compInfo": {
                                "uiID": 1,
                                "type": 0,
                                "compName": "",
                                "compID": 0,
                                "attrs": [],
                                "varName": ""
                            },
                            "selectMode": 0,
                            "inputModeInfo": {
                                "mode": 0,
                                "constName": "",
                                "varNameIndex": 1,
                                "typeIndex": 0
                            },
                            "isRounded": false,
                            "compAttrEnable": false
                        }
                    }
                ]
            ],
            null,
            null,
            null,
            null,
            0,
            0,
            [
                0,
                {},
                ""
            ],
            [
                0,
                {},
                ""
            ],
            {
                "___cmdID": "159226007577_0.8063177803753325"
            }
        ],
        [
            10001,
            {
                "42010122135_0.24848401267879283": [
                    {
                        "assetType": 5,
                        "asset0": "",
                        "asset1": "",
                        "asset2": 0,
                        "asset3": 0,
                        "asset4": 0,
                        "asset5": 4,
                        "asset6": 0,
                        "assetTypeItems": [
                            "图片",
                            "音频",
                            "行走图",
                            "立绘",
                            "动画",
                            "界面",
                            "对话框样式",
                            "预设字体",
                            "CG图鉴"
                        ]
                    },
                    {
                        "assetType": 5,
                        "asset0": "",
                        "asset1": "",
                        "asset2": 1,
                        "asset3": 1,
                        "asset4": 1,
                        "asset5": 3,
                        "asset6": 1,
                        "assetTypeItems": [
                            "图片",
                            "音频",
                            "行走图",
                            "立绘",
                            "动画",
                            "界面",
                            "对话框样式",
                            "预设字体",
                            "CG图鉴"
                        ]
                    },
                    {
                        "assetType": 5,
                        "asset0": "",
                        "asset1": "",
                        "asset2": 1,
                        "asset3": 1,
                        "asset4": 1,
                        "asset5": 5,
                        "asset6": 1,