{
    "allowClient": false,
    "conditionSwitch": 1,
    "updateMode": false,
    "commands": [
        [
            18,
            "//------------------------------------------------------------------------------------------------------\n// 当对话指令开始执行时调用该事件\n//------------------------------------------------------------------------------------------------------",
            {
                "___cmdID": "86674905383_0.14863593339469738"
            }
        ],
        [
            40010,
            {
                "49809728719_0.046619702255007": 0,
                "24538808102_0.9970934946254328": 1,
                "49612012650_0.7509974095572418": 1,
                "24538808435_0.6230939565765392": 3,
                "49518385245_0.9308839798952664": 1,
                "50689082740_0.526404642451832": false,
                "49141521249_0.2965750598394892": 0,
                "49519573910_0.08853124862540018": 1,
                "49141521416_0.0884961804795068": 0,
                "49519590084_0.3058131165318816": 1,
                "49150249927_0.6881795527970145": 100,
                "49519636189_0.2521948025226537": 1,
                "49232462793_0.7622411974016037": 1,
                "49520636693_0.8404154506260593": 1,
                "49232464582_0.12430969584603324": 1,
                "49520744730_0.6026838995761481": 1,
                "49232999716_0.2133484967243402": 0,
                "49520812848_0.5734967173507821": 1,
                "49234813142_0.3142568229981375": 1,
                "49520873912_0.5927053372462527": 1,
                "49599648354_0.3738368266485066": false,
                "49518248081_0.4367396293869368": false,
                "49599660535_0.0823572381286597": 1,
                "49518318443_0.5988810162565685": false,
                "49519399740_0.07229930251623617": false,
                "49519436070_0.9418611019894294": false,
                "49519475735_0.9428268094401824": false,
                "49519529748_0.519982170810438": false,
                "49520771123_0.27311479097864666": false,
                "49611947752_0.41521729946538755": false
            },
            "86533611771_0.5440152550482389"
        ],
        [
            0,
            1,
            0,
            [
                0,
                1,
                1,
                0
            ],
            0,
            0,
            [
                0,
                1,
                1,
                0
            ],
            0,
            [
                15004,
                1,
                [
                    0,
                    0
                ]
            ],
            0,
            0,
            [
                1,
                1
            ],
            "",
            "",
            true,
            null,
            null,
            null,
            null,
            null,
            null,
            0,
            0,
            [
                0,
                {},
                ""
            ],
            [
                0,
                {},
                ""
            ],
            {
                "___cmdID": "88235537099_0.18136512480457245"
            }
        ],
        [
            40013,
            {
                "49888868392_0.20897767076252083": [
                    10000001,
                    [
                        30,
                        "{\"transType\":0,\"loopType\":0,\"timeType\":0,\"timeUnit\":1,\"totalTime\":2,\"tweenType\":0,\"tweenTypeName\":\"linearNone\",\"curveData\":[[0,0,0,99,1,1,1,3],[0,100,100]],\"refreshInterval\":16}",
                        {
                            "uiID": 3,
                            "atts": {
                                "88235607350_0.7118331504637112": [
                                    0,
                                    {
                                        "visible": false
                                    },
                                    {
                                        "visible": {}
                                    }
                                ]
                            }
                        },
                        0,
                        1,
                        0
                    ]
                ]
            },
            "88235637266_0.689167656949776"
        ],
        [
            -1,
            {
                "___cmdID": "88235554249_0.316593219854971"
            }
        ],
        [
            1,
            {
                "___cmdID": "88235651700_0.7108636331162101"
            }
        ],
        [
            40013,
            {
                "49888868392_0.20897767076252083": [
                    10000001,
                    [
                        30,
                        "{\"transType\":0,\"loopType\":0,\"timeType\":0,\"timeUnit\":1,\"totalTime\":2,\"tweenType\":0,\"tweenTypeName\":\"linearNone\",\"curveData\":[[0,0,0,99,1,1,1,3],[0,100,100]],\"refreshInterval\":16}",
                        {
                            "uiID": 3,
                            "atts": {
                                "88235607350_0.7118331504637112": [
                                    0,
                                    {
                                        "visible": true
                                    },
                                    {
                                        "visible": {}
                                    }
                                ]
                            }
                        },
                        0,
                        1,
                        0
                    ]
                ]
            },
            "88235653093_0.5351055885627891"
        ],
        [
            -1,
            {
                "___cmdID": "88235651700_0.22026980170923438"
            }
        ],
        [
            2,
            {
                "___cmdID": "88235554248_0.28870583597250765"
            }
        ],
        [
            13,
            4,
            15001,
            0,
            0,
            0,
            1,
            1,
            [
                0,
                100
            ],
            0,
            -1,
            [],
            0,
            0,
            0,
            {
                "___cmdID": "86533611771_0.8774152575796959"
            }
        ],
        [
            13,
            4,
            15002,
            0,
            0,
            0,
            1,
            1,
            [
                0,
                100
            ],
            0,
            -1,
            [],
            0,
            0,
            0,
            {
                "___cmdID": "86533611771_0.8266647940803429"
            }
        ],
        [
            13,
            3,
            15001,
            1,
            0,
            1,
            1,
            1,
            [
                0,
                100
            ],
            0,
            -1,
            [],
            0,
            0,
            0,
            {
                "___cmdID": "86533611771_0.4682467860567363"
            }
        ],
        [
            0,
            1,
            0,
            [
                0,
                1,
                1,
                0
            ],
            0,
            0,
            [
                0,
                1,
                1,
                0
            ],
            1,
            [
                1,
                15004,
                [
                    0,
                    0
                ]
            ],
            0,
            0,
            [
                1,
                1
            ],