{
    "allowClient": false,
    "conditionSwitch": 1,
    "updateMode": false,
    "commands": [
        [
            18,
            "//------------------------------------------------------------------------------------------------------\n// 当「离开当前场景」时自动执行该事件\n//------------------------------------------------------------------------------------------------------",
            {
                "___cmdID": "86675017556_0.9251625779768735"
            }
        ],
        [
            40010,
            {
                "49809728719_0.046619702255007": 0,
                "24538808102_0.9970934946254328": 1,
                "49612012650_0.7509974095572418": 1,
                "24538808435_0.6230939565765392": 2004,
                "49518385245_0.9308839798952664": 1,
                "50689082740_0.526404642451832": true,
                "49141521249_0.2965750598394892": 0,
                "49519573910_0.08853124862540018": 1,
                "49141521416_0.0884961804795068": 0,
                "49519590084_0.3058131165318816": 1,
                "49150249927_0.6881795527970145": 100,
                "49519636189_0.2521948025226537": 1,
                "49232462793_0.7622411974016037": 1,
                "49520636693_0.8404154506260593": 1,
                "49232464582_0.12430969584603324": 1,
                "49520744730_0.6026838995761481": 1,
                "49232999716_0.2133484967243402": 0,
                "49520812848_0.5734967173507821": 1,
                "49234813142_0.3142568229981375": 0,
                "49520873912_0.5927053372462527": 1,
                "49599648354_0.3738368266485066": false,
                "49518248081_0.4367396293869368": false,
                "49599660535_0.0823572381286597": 1,
                "49518318443_0.5988810162565685": false,
                "49519399740_0.07229930251623617": false,
                "49519436070_0.9418611019894294": false,
                "49519475735_0.9428268094401824": false,
                "49519529748_0.519982170810438": false,
                "49520771123_0.27311479097864666": false,
                "49611947752_0.41521729946538755": false
            },
            "86671473860_0.9336781669384522"
        ],
        [
            40011,
            {
                "49816072304_0.03131954665076897": 0,
                "24538808102_0.9970934946254328": 1,
                "49612329479_0.7433565589142674": 1,
                "49819012242_0.02527395671440269": 2004,
                "49819012242_0.4964322333365434": 1,
                "49541474395_0.999063634948089": 1,
                "49541474395_0.4302897217422976": 10,
                "49541474396_0.5364167299087121": "",
                "49141521249_0.2965750598394892": 0,
                "49519573910_0.08853124862540018": 1,
                "49141521416_0.0884961804795068": 0,
                "49519590084_0.3058131165318816": 1,
                "49150249927_0.6881795527970145": 100,
                "49519636189_0.2521948025226537": 1,
                "49232462793_0.7622411974016037": 1,
                "49520636693_0.8404154506260593": 1,
                "49232464582_0.12430969584603324": 1,
                "49520744730_0.6026838995761481": 1,
                "49232999716_0.2133484967243402": 0,
                "49520812848_0.5734967173507821": 1,
                "49234813142_0.3142568229981375": 1,
                "49520873912_0.5927053372462527": 1,
                "49594771755_0.963684096315716": false,
                "49518248081_0.4367396293869368": false,
                "49595153167_0.8002073773406164": 0,
                "49519399740_0.07229930251623617": false,
                "49519436070_0.9418611019894294": false,
                "49519475735_0.9428268094401824": false,
                "49519529748_0.519982170810438": false,
                "49520771123_0.27311479097864666": false,
                "49612315725_0.0667574286485002": false,
                "49819116159_0.3898830536514881": false
            },
            "86671473860_0.8821783232942757"
        ],
        [
            17,
            10,
            0,
            false,
            {
                "___cmdID": "86671473860_0.17647040952681015"
            }
        ],
        [
            -1,
            {
                "___cmdID": "86671472634_0.9340785481540417"
            }
        ]
    ],
    "id": 14011
}