{
    "allowClient": false,
    "conditionSwitch": 1,
    "updateMode": false,
    "commands": [
        [
            0,
            4,
            0,
            [
                0,
                1,
                1,
                0
            ],
            0,
            0,
            [
                0,
                1,
                1,
                0
            ],
            0,
            [
                1,
                1,
                [
                    0,
                    0
                ]
            ],
            0,
            0,
            [
                1,
                1
            ],
            "",
            "",
            false,
            null,
            [
                4,
                {
                    "checkType": 0,
                    "uiIDVarID": 1,
                    "uiID": 3,
                    "useVarID": 0,
                    "type": 4,
                    "uiComp": {}
                },
                [
                    {
                        "57914579909_0.31596273488182147": 0,
                        "42668749327_0.5044332572445289": 1,
                        "42662223132_0.13407162179315324": 3,
                        "42668749764_0.405507816846465": 0,
                        "42668805260_0.7826262589690147": 4,
                        "57914519062_0.2382390483738146": {}
                    }
                ]
            ],
            null,
            null,
            null,
            null,
            0,
            0,
            [
                0,
                {},
                ""
            ],
            [
                0,
                {},
                ""
            ],
            {
                "___cmdID": "152721507421_0.9004020548353551"
            }
        ],
        [
            0,
            0,
            4,
            [
                0,
                1,
                1,
                0
            ],
            1,
            0,
            [
                0,
                1,
                1,
                0
            ],
            0,
            [
                1,
                1,
                [
                    0,
                    0
                ]
            ],
            0,
            0,
            [
                1,
                1
            ],
            "",
            "",
            true,
            null,
            null,
            [
                2,
                {
                    "type": 2
                },
                [
                    {
                        "42659087992_0.8295512812431562": 2
                    }
                ]
            ],
            null,
            null,
            null,
            0,
            {
                "___cmdID": "152721507421_0.14028722857144538"
            }
        ],
        [
            40010,
            {
                "49809728719_0.046619702255007": 0,
                "24538808102_0.9970934946254328": 1,
                "49612012650_0.7509974095572418": 1,
                "24538808435_0.6230939565765392": 4,
                "49518385245_0.9308839798952664": 1,
                "50689082740_0.526404642451832": false,
                "49141521249_0.2965750598394892": 0,
                "49519573910_0.08853124862540018": 1,
                "49141521416_0.0884961804795068": 0,
                "49519590084_0.3058131165318816": 1,
                "49150249927_0.6881795527970145": 100,
                "49519636189_0.2521948025226537": 1,
                "49232462793_0.7622411974016037": 1,
                "49520636693_0.8404154506260593": 1,
                "49232464582_0.12430969584603324": 1,
                "49520744730_0.6026838995761481": 1,
                "49232999716_0.2133484967243402": 0,
                "49520812848_0.5734967173507821": 1,
                "49234813142_0.3142568229981375": 1,
                "49520873912_0.5927053372462527": 1,
                "49599648354_0.3738368266485066": false,
                "49518248081_0.4367396293869368": false,
                "49599660535_0.0823572381286597": 1,
                "49518318443_0.5988810162565685": false,
                "49519399740_0.07229930251623617": false,
                "49519436070_0.9418611019894294": false,
                "49519475735_0.9428268094401824": false,
                "49519529748_0.519982170810438": false,
                "49520771123_0.27311479097864666": false,
                "49611947752_0.41521729946538755": false
            },
            "152721507421_0.14079386991139753"
        ],
        [
            -1,
            {
                "___cmdID": "152721507421_0.21140860927675598"
            }
        ],
        [
            1,
            {
                "___cmdID": "152721507421_0.5879510818287996"
            }
        ],
        [
            18,
            "//------------------------------------------------------------------------------------------------------\n// 快进已读的情况不允许快进未读到的文本\n//------------------------------------------------------------------------------------------------------",
            {
                "___cmdID": "152721507421_0.15562695616385813"
            }
        ],
        [
            0,
            1,
            0,
            [
                0,
                1,
                1,
                0
            ],
            0,
            0,
            [
                0,
                1,
                1,
                0
            ],
            0,
            [
                15001,
                15007,
                [
                    0,
                    0
                ]
            ],
            0,
            0,
            [
                1,
                1
            ],
            "",
            "",
            false,
            null,
            null,
            null,
            null,
            null,
            null,
            0,
            {
                "___cmdID": "152721507421_0.5912109747298646"
            }
        ],
        [
            0,
            5,
            0,
            [
                0,
                1,
                1,
                0
            ],
            0,
            0,
            [
                0,
                1,
                1,
                0
            ],
            0,
            [
                1,
                1,
                [
                    0,
                    0
                ]
            ],
            0,
            0,
            [
                1,
                1
            ],