{
    "allowClient": false,
    "conditionSwitch": 1,
    "updateMode": false,
    "commands": [
        [
            0,
            4,
            0,
            [
                0,
                1,
                1,
                0
            ],
            0,
            0,
            [
                0,
                1,
                1,
                0
            ],
            0,
            [
                1,
                1,
                [
                    0,
                    0,
                    1,
                    1
                ]
            ],
            0,
            0,
            [
                1,
                1
            ],
            "",
            "",
            false,
            null,
            [
                4,
                {
                    "checkType": 0,
                    "uiIDVarID": 1,
                    "uiID": 3,
                    "useVarID": 0,
                    "type": 4,
                    "uiComp": {
                        "uiID": 1
                    }
                },
                [
                    {
                        "57914579909_0.31596273488182147": 0,
                        "42668749327_0.5044332572445289": 1,
                        "42662223132_0.13407162179315324": 3,
                        "42668749764_0.405507816846465": 0,
                        "42668805260_0.7826262589690147": 4,
                        "57914519062_0.2382390483738146": {
                            "uiID": 1
                        }
                    }
                ]
            ],
            null,
            null,
            null,
            null,
            0,
            0,
            [
                0,
                {},
                ""
            ],
            [
                0,
                {},
                ""
            ],
            {
                "___cmdID": "152722829560_0.17620806243157228"
            }
        ],
        [
            0,
            1,
            0,
            [
                0,
                1,
                1,
                0
            ],
            0,
            0,
            [
                0,
                1,
                1,
                0
            ],
            1,
            [
                1,
                15003,
                [
                    0,
                    0
                ]
            ],
            0,
            0,
            [
                1,
                1
            ],
            "",
            "",
            true,
            null,
            null,
            null,
            null,
            null,
            null,
            0,
            {
                "___cmdID": "152722834176_0.36336545921852337"
            }
        ],
        [
            13,
            4,
            15003,
            0,
            0,
            0,
            1,
            1,
            [
                0,
                100
            ],
            0,
            -1,
            [],
            0,
            0,
            0,
            {
                "___cmdID": "152722834176_0.827749406801294"
            }
        ],
        [
            -1,
            {
                "___cmdID": "152722834177_0.7512733110667371"
            }
        ],
        [
            1,
            {
                "___cmdID": "152722834176_0.9181144999313715"
            }
        ],
        [
            13,
            4,
            15003,
            0,
            0,
            1,
            1,
            1,
            [
                0,
                100
            ],
            0,
            -1,
            [],
            0,
            0,
            0,
            {
                "___cmdID": "152722834176_0.45046955678999523"
            }
        ],
        [
            20003,
            null,
            "152722834176_0.2334054217032957"
        ],
        [
            20001,
            null,
            "152722834176_0.8112973977206657"
        ],
        [
            -1,
            {
                "___cmdID": "152722834177_0.0708161068464066"
            }
        ],
        [
            2,
            {
                "___cmdID": "152722834176_0.3829242242206057"
            }
        ],
        [
            -1,
            {
                "___cmdID": "152722829561_0.4802754951883139"
            }
        ],
        [
            2,
            {
                "___cmdID": "152722829560_0.8034223001657663"
            }
        ],
        [
            -1,
            {
                "___cmdID": "152721920974_0.936997144790179"
            }
        ]
    ],
    "id": 15007
}