{
    "51316633045_0.11517022124885523": {
        "condition": [],
        "commands": [
            [],
            [],
            [],
            [],
            [],
            [],
            [],
            [],
            [],
            [],
            [],
            []
        ]
    },
    "51698664353_0.8649440401794284": {
        "condition": [],
        "commands": [
            [
                [
                    60005,
                    {
                        "74577032484_0.13493609495640202": "",
                        "74578579319_0.15291120828407134": 1,
                        "91116691228_0.19588751423957396": 2,
                        "91116362027_0.0524615397494288": true,
                        "74587606222_0.5579985331498136": false
                    },
                    "91120201500_0.7524138344291931"
                ],
                [
                    40012,
                    {
                        "49821564836_0.18023666032094843": 0,
                        "49821564836_0.05613902618903355": 1,
                        "49821564836_0.6578043100778947": 1,
                        "49821564836_0.7286666716958285": 3001,
                        "49821564836_0.40792780858788147": 1,
                        "49821586470_0.8966191069628267": false,
                        "49821586470_0.5086891336665356": false
                    },
                    "51705519493_0.17640909849314634"
                ],
                [
                    -1,
                    {
                        "___cmdID": "91120188737_0.3050076968446189"
                    }
                ]
            ],
            [],
            [],
            [],
            [],
            [],
            [],
            [],
            [],
            [],
            [],
            []
        ]
    },
    "51698682206_0.6632534120854165": {
        "condition": [],
        "commands": [
            [],
            [],
            [],
            [],
            [],
            [],
            [],
            [],
            [],
            [],
            [],
            []
        ]
    },
    "root": {
        "commands": [
            [],
            [],
            [],
            [],
            [],
            [],
            [],
            [],
            [],
            [],
            [],
            []
        ]
    }
}