{
    "51047332666_0.6891876111080384": {
        "condition": [],
        "commands": [
            [],
            [],
            [],
            [],
            [],
            [],
            [],
            [],
            [],
            [],
            [],
            []
        ]
    },
    "root": {
        "commands": [
            [],
            [],
            [],
            [
                [
                    40014,
                    {
                        "49825113823_0.7745949272019663": 2,
                        "49897660694_0.39897478951731946": false,
                        "49897660694_0.6399331644068169": 1,
                        "49897660694_0.0946225960666689": 1,
                        "49897706791_0.8101580703633997": false,
                        "49897693777_0.31957312098050794": 4,
                        "49897693777_0.39600212789547196": 1,
                        "49904671869_0.1506235712026469": [
                            {
                                "materials": [
                                    {
                                        "id": 10,
                                        "mask": "asset/image/picture/rule/04.jpg",
                                        "useTrans": true,
                                        "time": 0,
                                        "trans": "{\"transType\":2,\"loopType\":0,\"timeType\":1,\"timeUnit\":1,\"totalTime\":30,\"tweenType\":4,\"tweenTypeName\":\"backInOut\",\"curveData\":[[0,0,100,99,1,1,1,3],[0,100,0]],\"refreshInterval\":16}",
                                        "vagueness": 0.25,
                                        "invertMask": 0,
                                        "____timeInfo": {
                                            "trans": 30
                                        },
                                        "enable": true
                                    }
                                ]
                            }
                        ]
                    },
                    "87887388205_0.7333171629777584"
                ],
                [
                    10014,
                    {
                        "107244812436_0.8992978873370561": {
                            "uiID": 4,
                            "type": 0,
                            "compName": "dialogRecordList",
                            "compID": "51047332666_0.6891876111080384",
                            "attrs": [],
                            "varName": ""
                        }
                    },
                    "153806806971_0.013719479483957908"
                ],
                [
                    -1,
                    {
                        "___cmdID": "87887384001_0.5050219034619681"
                    }
                ]
            ],
            [
                [
                    -1,
                    {
                        "___cmdID": "87887601642_0.7697415327670047"
                    }
                ]
            ],
            [],
            [],
            [],
            [],
            [],
            [],
            []
        ]
    },
    "77055145603_0.23750221921573744": {
        "condition": [],
        "commands": [
            [],
            [],
            [],
            [],
            [],
            [],
            [],
            [],
            [],
            [],
            [],
            []
        ]
    },
    "77055145603_0.0893749519622491": {
        "condition": [],
        "commands": [
            [],
            [],
            [],
            [],
            [],
            [],
            [],
            [],
            [],
            [],
            [],
            []
        ]
    },
    "77055145603_0.04328025934554702": {
        "condition": [],
        "commands": [
            [],
            [],
            [],
            [],
            [],
            [],
            [],
            [],
            [],
            [],
            [],
            []
        ]
    },
    "77055145603_0.4519238985456775": {
        "condition": [],
        "commands": [
            [],
            [],
            [],
            [],
            [],
            [],
            [],
            [],
            [],
            [],
            [],
            []
        ]
    },
    "77055145605_0.29213909100122026": {
        "condition": [],
        "commands": [
            [
                [
                    16,
                    15004,
                    false,
                    {
                        "___cmdID": "86846666886_0.755065029401802"
                    }
                ],
                [
                    -1,
                    {
                        "___cmdID": "86846666144_0.6750034553745483"
                    }
                ]
            ],
            [],
            [],
            [],
            [],
            [],
            [],
            [],
            [],
            [],
            [],
            []
        ]
    },
    "77055145605_0.835702767049763": {
        "condition": [],
        "commands": [
            [],
            [],
            [],
            [],
            [],
            [],
            [],
            [],
            [],
            [],
            [],
            []
        ]
    },
    "77055145606_0.05637473675575655": {
        "condition": [],
        "commands": [
            [],
            [],
            [],
            [],
            [],
            [],
            [],
            [],
            [],
            [],
            [],
            []
        ]
    },
    "77055268883_0.38927356799100377": {
        "condition": [],
        "commands": [
            [],
            [],
            [],
            [],
            [],
            [],
            [],
            [],
            [],
            [],
            [],
            []
        ]
    },
    "86846395712_0.2626927535997765": {
        "condition": [],
        "commands": [
            [],
            [],
            [],
            [],
            [],
            [],
            [],
            [],
            [],
            [],
            [],
            []
        ]
    },
    "86846422535_0.15360495004935726": {
        "condition": [],
        "commands": [
            [],
            [],
            [],
            [],
            [],
            [],
            [],
            [],
            [],
            [],
            [],
            []
        ]
    }
}