{
    "root": {
        "commands": [
            [],
            [],
            [],
            [],
            [],
            [],
            [],
            [],
            [],
            [],
            [],
            []
        ]
    },
    "77057314678_0.7110222267242066": {
        "condition": [],
        "commands": [
            [],
            [],
            [],
            [],
            [],
            [],
            [],
            [],
            [],
            [],
            [],
            []
        ]
    },
    "77057314678_0.01845219056098113": {
        "condition": [],
        "commands": [
            [],
            [],
            [],
            [],
            [],
            [],
            [],
            [],
            [],
            [],
            [],
            []
        ]
    },
    "77057314678_0.43761083611002327": {
        "condition": [],
        "commands": [
            [],
            [],
            [],
            [],
            [],
            [],
            [],
            [],
            [],
            [],
            [],
            []
        ]
    },
    "77057314679_0.8736983142234815": {
        "condition": [],
        "commands": [
            [
                [
                    60005,
                    {
                        "74577032484_0.13493609495640202": "asset/audio/se/menu/EnterMenu.mp3,1,1",
                        "74578579319_0.15291120828407134": 1,
                        "74587606222_0.5579985331498136": false,
                        "74587987674_0.5977703161602927": false
                    },
                    "77057262296_0.5333204362005666"
                ],
                [
                    40012,
                    {
                        "49821564836_0.18023666032094843": 0,
                        "49821564836_0.05613902618903355": 1,
                        "49821564836_0.6578043100778947": 1,
                        "49821564836_0.7286666716958285": 9,
                        "49821564836_0.40792780858788147": 1,
                        "49821586470_0.8966191069628267": false,
                        "49821586470_0.5086891336665356": false
                    },
                    "77057262296_0.8203284672649978"
                ]
            ],
            [],
            [],
            [],
            [],
            [],
            [],
            [],
            [],
            [],
            [],
            []
        ]
    }
}